org,url
Alight,https://www.wearealight.org/news-stories
Alliance for Metropolitan Stability,http://thealliancetc.org/news-events/news/
American Civil Liberties Union of Minnesota Foundation,https://www.aclu-mn.org/press-releases/
East Twin Cities,https://easttwincities.com/category/local-government/
Breakthrough News,https://breakthroughnews.org/category/united-states/
Zerkalo - Russian Language Media of Minnesota,https://www.zerkalomn.com/news
WUMN Univision Minnesota 13,https://www.univisionminnesota.com/noticias/
Minnesota Star Tribune,https://www.startribune.com/news-politics/twin-cities
White Bear Press,https://www.presspubs.com/white_bear/
MPR News,https://www.mprnews.org/content/2026-03-02
MinnPost,https://www.minnpost.com/tag/news/
WCCO This Morning,https://www.cbsnews.com/minnesota/local-news/
WCCO-TV | CBS Minnesota,https://www.cbsnews.com/minnesota/local-news/
Axios Twin Cities,https://www.axios.com/local/twin-cities/news
Workday Magazine,https://workdaymagazine.org/category/minnesota/
Wedge LIVE,https://wedgelive.com/
The Wake Magazine,https://wakemag.org/features
Unicorn Riot,https://unicornriot.ninja/
Twins Daily,https://twinsdaily.com/
Tusmo Times,https://tusmotimes.com/category/local-news/
The Uptake,https://theuptake.org/
WUCW,https://thecwtc.com/news/local
Bethel University Clarion,https://thebuclarion.com/category/news/
Twin Cities Business,https://tcbmag.com/news/
Minnesota Daily,https://mndaily.com/category/city/
Minnesota State Wire,https://minnesotastatewire.com/stories/
Minneapolis Times,https://minneapolistimes.com/category/immigration-enforcement/
3HMONGTV,https://hbctv.net/category/3hmongtv-news/
Community Reporter,https://communityreporter.org/